{
   "word_error_rate": 0.6491228070175439,
   "character_error_rate": 0.3407202216066482
}