{
   "word_error_rate": 0.5087719298245614,
   "character_error_rate": 0.19390581717451524
}